created_at,level,message,type
1732159500,info,The job has successfully completed,message
1732159495,info,New fine-tuned model created,message
1732159495,info,Checkpoint created at step 1000,message
1732159495,info,Checkpoint created at step 500,message
1732159481,info,Step 1500/1500: training loss=0.00,metrics
1732159481,info,Step 1499/1500: training loss=0.00,metrics
1732159479,info,Step 1498/1500: training loss=0.00,metrics
1732159476,info,Step 1497/1500: training loss=0.00,metrics
1732159476,info,Step 1496/1500: training loss=0.00,metrics
1732159474,info,Step 1495/1500: training loss=0.00,metrics
1732159474,info,Step 1494/1500: training loss=0.00,metrics
1732159472,info,Step 1493/1500: training loss=0.00,metrics
1732159469,info,Step 1492/1500: training loss=0.00,metrics
1732159469,info,Step 1491/1500: training loss=0.00,metrics
1732159467,info,Step 1490/1500: training loss=0.00,metrics
1732159467,info,Step 1489/1500: training loss=0.00,metrics
1732159465,info,Step 1488/1500: training loss=0.00,metrics
1732159462,info,Step 1487/1500: training loss=1.39,metrics
1732159462,info,Step 1486/1500: training loss=0.27,metrics
1732159460,info,Step 1485/1500: training loss=0.00,metrics
1732159458,info,Step 1484/1500: training loss=0.00,metrics
1732159458,info,Step 1483/1500: training loss=1.37,metrics
1732159456,info,Step 1482/1500: training loss=0.00,metrics
1732159456,info,Step 1481/1500: training loss=0.00,metrics
1732159453,info,Step 1480/1500: training loss=0.00,metrics
1732159453,info,Step 1479/1500: training loss=0.00,metrics
1732159451,info,Step 1478/1500: training loss=0.00,metrics
1732159449,info,Step 1477/1500: training loss=0.00,metrics
1732159449,info,Step 1476/1500: training loss=0.00,metrics
1732159446,info,Step 1475/1500: training loss=0.42,metrics
1732159446,info,Step 1474/1500: training loss=0.00,metrics
1732159444,info,Step 1473/1500: training loss=0.00,metrics
1732159442,info,Step 1472/1500: training loss=0.00,metrics
1732159442,info,Step 1471/1500: training loss=0.00,metrics
1732159439,info,Step 1470/1500: training loss=0.00,metrics
1732159439,info,Step 1469/1500: training loss=0.00,metrics
1732159437,info,Step 1468/1500: training loss=0.00,metrics
1732159435,info,Step 1467/1500: training loss=0.01,metrics
1732159435,info,Step 1466/1500: training loss=0.00,metrics
1732159432,info,Step 1465/1500: training loss=0.00,metrics
1732159430,info,Step 1464/1500: training loss=0.00,metrics
1732159430,info,Step 1463/1500: training loss=0.35,metrics
1732159428,info,Step 1462/1500: training loss=0.00,metrics
1732159428,info,Step 1461/1500: training loss=0.00,metrics
1732159425,info,Step 1460/1500: training loss=0.00,metrics
1732159423,info,Step 1459/1500: training loss=0.00,metrics
1732159423,info,Step 1458/1500: training loss=0.00,metrics
1732159421,info,Step 1457/1500: training loss=0.00,metrics
1732159421,info,Step 1456/1500: training loss=0.00,metrics
1732159418,info,Step 1455/1500: training loss=0.00,metrics
1732159416,info,Step 1454/1500: training loss=0.00,metrics
1732159416,info,Step 1453/1500: training loss=0.00,metrics
1732159414,info,Step 1452/1500: training loss=0.00,metrics
1732159414,info,Step 1451/1500: training loss=0.53,metrics
1732159411,info,Step 1450/1500: training loss=0.00,metrics
1732159411,info,Step 1449/1500: training loss=0.00,metrics
1732159409,info,Step 1448/1500: training loss=0.00,metrics
1732159407,info,Step 1447/1500: training loss=0.00,metrics
1732159407,info,Step 1446/1500: training loss=0.00,metrics
1732159404,info,Step 1445/1500: training loss=0.00,metrics
1732159402,info,Step 1444/1500: training loss=0.67,metrics
1732159402,info,Step 1443/1500: training loss=0.00,metrics
1732159400,info,Step 1442/1500: training loss=0.00,metrics
1732159400,info,Step 1441/1500: training loss=0.00,metrics
1732159397,info,Step 1440/1500: training loss=0.00,metrics
1732159395,info,Step 1439/1500: training loss=0.00,metrics
1732159395,info,Step 1438/1500: training loss=0.00,metrics
1732159393,info,Step 1437/1500: training loss=0.00,metrics
1732159393,info,Step 1436/1500: training loss=0.00,metrics
1732159390,info,Step 1435/1500: training loss=0.00,metrics
1732159388,info,Step 1434/1500: training loss=0.71,metrics
1732159388,info,Step 1433/1500: training loss=0.00,metrics
1732159386,info,Step 1432/1500: training loss=0.00,metrics
1732159386,info,Step 1431/1500: training loss=0.00,metrics
1732159384,info,Step 1430/1500: training loss=0.00,metrics
1732159383,info,Step 1429/1500: training loss=0.00,metrics
1732159381,info,Step 1428/1500: training loss=0.00,metrics
1732159379,info,Step 1427/1500: training loss=1.31,metrics
1732159379,info,Step 1426/1500: training loss=0.00,metrics
1732159377,info,Step 1425/1500: training loss=0.00,metrics
1732159376,info,Step 1424/1500: training loss=0.00,metrics
1732159374,info,Step 1423/1500: training loss=0.00,metrics
1732159372,info,Step 1422/1500: training loss=0.00,metrics
1732159372,info,Step 1421/1500: training loss=0.00,metrics
1732159370,info,Step 1420/1500: training loss=1.38,metrics
1732159369,info,Step 1419/1500: training loss=0.75,metrics
1732159367,info,Step 1418/1500: training loss=0.00,metrics
1732159365,info,Step 1417/1500: training loss=0.00,metrics
1732159365,info,Step 1416/1500: training loss=0.00,metrics
1732159363,info,Step 1415/1500: training loss=0.00,metrics
1732159362,info,Step 1414/1500: training loss=0.00,metrics
1732159360,info,Step 1413/1500: training loss=0.00,metrics
1732159358,info,Step 1412/1500: training loss=0.00,metrics
1732159358,info,Step 1411/1500: training loss=0.00,metrics
1732159356,info,Step 1410/1500: training loss=0.00,metrics
1732159355,info,Step 1409/1500: training loss=0.91,metrics
1732159353,info,Step 1408/1500: training loss=0.99,metrics
1732159351,info,Step 1407/1500: training loss=1.62,metrics
1732159351,info,Step 1406/1500: training loss=1.97,metrics
1732159348,info,Step 1405/1500: training loss=0.00,metrics
1732159348,info,Step 1404/1500: training loss=0.00,metrics
1732159346,info,Step 1403/1500: training loss=0.85,metrics
1732159344,info,Step 1402/1500: training loss=0.00,metrics
1732159344,info,Step 1401/1500: training loss=0.85,metrics
1732159341,info,Step 1400/1500: training loss=1.12,metrics
1732159341,info,Step 1399/1500: training loss=0.08,metrics
1732159339,info,Step 1398/1500: training loss=0.00,metrics
1732159337,info,Step 1397/1500: training loss=0.97,metrics
1732159337,info,Step 1396/1500: training loss=0.00,metrics
1732159335,info,Step 1395/1500: training loss=0.00,metrics
1732159334,info,Step 1394/1500: training loss=0.00,metrics
1732159332,info,Step 1393/1500: training loss=0.00,metrics
1732159330,info,Step 1392/1500: training loss=0.00,metrics
1732159330,info,Step 1391/1500: training loss=0.00,metrics
1732159328,info,Step 1390/1500: training loss=0.00,metrics
1732159327,info,Step 1389/1500: training loss=2.32,metrics
1732159325,info,Step 1388/1500: training loss=0.00,metrics
1732159323,info,Step 1387/1500: training loss=0.00,metrics
1732159323,info,Step 1386/1500: training loss=1.53,metrics
1732159321,info,Step 1385/1500: training loss=0.00,metrics
1732159320,info,Step 1384/1500: training loss=0.00,metrics
1732159318,info,Step 1383/1500: training loss=0.00,metrics
1732159318,info,Step 1382/1500: training loss=0.00,metrics
1732159316,info,Step 1381/1500: training loss=1.37,metrics
1732159314,info,Step 1380/1500: training loss=0.00,metrics
1732159313,info,Step 1379/1500: training loss=0.00,metrics
1732159311,info,Step 1378/1500: training loss=0.00,metrics
1732159309,info,Step 1377/1500: training loss=0.00,metrics
1732159309,info,Step 1376/1500: training loss=0.00,metrics
1732159307,info,Step 1375/1500: training loss=0.93,metrics
1732159307,info,Step 1374/1500: training loss=0.00,metrics
1732159304,info,Step 1373/1500: training loss=0.00,metrics
1732159302,info,Step 1372/1500: training loss=0.00,metrics
1732159302,info,Step 1371/1500: training loss=0.69,metrics
1732159300,info,Step 1370/1500: training loss=0.00,metrics
1732159300,info,Step 1369/1500: training loss=0.04,metrics
1732159297,info,Step 1368/1500: training loss=0.00,metrics
1732159295,info,Step 1367/1500: training loss=0.00,metrics
1732159295,info,Step 1366/1500: training loss=0.00,metrics
1732159293,info,Step 1365/1500: training loss=1.37,metrics
1732159293,info,Step 1364/1500: training loss=0.00,metrics
1732159290,info,Step 1363/1500: training loss=0.38,metrics
1732159290,info,Step 1362/1500: training loss=0.00,metrics
1732159288,info,Step 1361/1500: training loss=0.00,metrics
1732159286,info,Step 1360/1500: training loss=2.55,metrics
1732159285,info,Step 1359/1500: training loss=0.01,metrics
1732159283,info,Step 1358/1500: training loss=0.00,metrics
1732159283,info,Step 1357/1500: training loss=0.00,metrics
1732159281,info,Step 1356/1500: training loss=0.00,metrics
1732159279,info,Step 1355/1500: training loss=0.00,metrics
1732159279,info,Step 1354/1500: training loss=0.00,metrics
1732159276,info,Step 1353/1500: training loss=0.00,metrics
1732159276,info,Step 1352/1500: training loss=0.44,metrics
1732159274,info,Step 1351/1500: training loss=0.00,metrics
1732159272,info,Step 1350/1500: training loss=0.00,metrics
1732159272,info,Step 1349/1500: training loss=0.00,metrics
1732159269,info,Step 1348/1500: training loss=0.00,metrics
1732159269,info,Step 1347/1500: training loss=0.00,metrics
1732159267,info,Step 1346/1500: training loss=0.00,metrics
1732159265,info,Step 1345/1500: training loss=1.30,metrics
1732159265,info,Step 1344/1500: training loss=0.00,metrics
1732159263,info,Step 1343/1500: training loss=0.00,metrics
1732159263,info,Step 1342/1500: training loss=0.00,metrics
1732159260,info,Step 1341/1500: training loss=1.39,metrics
1732159260,info,Step 1340/1500: training loss=0.00,metrics
1732159258,info,Step 1339/1500: training loss=0.00,metrics
1732159255,info,Step 1338/1500: training loss=0.00,metrics
1732159255,info,Step 1337/1500: training loss=0.00,metrics
1732159253,info,Step 1336/1500: training loss=1.68,metrics
1732159251,info,Step 1335/1500: training loss=0.00,metrics
1732159251,info,Step 1334/1500: training loss=0.00,metrics
1732159248,info,Step 1333/1500: training loss=0.00,metrics
1732159248,info,Step 1332/1500: training loss=0.95,metrics
1732159246,info,Step 1331/1500: training loss=0.00,metrics
1732159244,info,Step 1330/1500: training loss=0.00,metrics
1732159244,info,Step 1329/1500: training loss=0.00,metrics
1732159241,info,Step 1328/1500: training loss=0.00,metrics
1732159241,info,Step 1327/1500: training loss=0.00,metrics
1732159239,info,Step 1326/1500: training loss=0.00,metrics
1732159237,info,Step 1325/1500: training loss=1.47,metrics
1732159237,info,Step 1324/1500: training loss=0.00,metrics
1732159235,info,Step 1323/1500: training loss=0.45,metrics
1732159232,info,Step 1322/1500: training loss=0.00,metrics
1732159232,info,Step 1321/1500: training loss=0.00,metrics
1732159230,info,Step 1320/1500: training loss=0.01,metrics
1732159230,info,Step 1319/1500: training loss=0.00,metrics
1732159227,info,Step 1318/1500: training loss=0.45,metrics
1732159227,info,Step 1317/1500: training loss=0.00,metrics
1732159225,info,Step 1316/1500: training loss=0.00,metrics
1732159223,info,Step 1315/1500: training loss=0.00,metrics
1732159223,info,Step 1314/1500: training loss=0.00,metrics
1732159221,info,Step 1313/1500: training loss=1.34,metrics
1732159221,info,Step 1312/1500: training loss=0.00,metrics
1732159218,info,Step 1311/1500: training loss=0.00,metrics
1732159218,info,Step 1310/1500: training loss=0.00,metrics
1732159216,info,Step 1309/1500: training loss=0.00,metrics
1732159214,info,Step 1308/1500: training loss=0.66,metrics
1732159214,info,Step 1307/1500: training loss=0.00,metrics
1732159211,info,Step 1306/1500: training loss=0.00,metrics
1732159209,info,Step 1305/1500: training loss=0.00,metrics
1732159209,info,Step 1304/1500: training loss=0.00,metrics
1732159207,info,Step 1303/1500: training loss=0.00,metrics
1732159207,info,Step 1302/1500: training loss=0.00,metrics
1732159204,info,Step 1301/1500: training loss=0.08,metrics
1732159202,info,Step 1300/1500: training loss=0.29,metrics
1732159202,info,Step 1299/1500: training loss=0.00,metrics
1732159200,info,Step 1298/1500: training loss=0.00,metrics
1732159200,info,Step 1297/1500: training loss=0.00,metrics
1732159198,info,Step 1296/1500: training loss=1.04,metrics
1732159195,info,Step 1295/1500: training loss=0.00,metrics
1732159188,info,Step 1294/1500: training loss=0.00,metrics
1732159188,info,Step 1293/1500: training loss=0.00,metrics
1732159186,info,Step 1292/1500: training loss=0.00,metrics
1732159186,info,Step 1291/1500: training loss=0.00,metrics
1732159183,info,Step 1290/1500: training loss=0.00,metrics
1732159181,info,Step 1289/1500: training loss=0.00,metrics
1732159181,info,Step 1288/1500: training loss=0.00,metrics
1732159179,info,Step 1287/1500: training loss=0.00,metrics
1732159179,info,Step 1286/1500: training loss=0.00,metrics
1732159177,info,Step 1285/1500: training loss=0.00,metrics
1732159174,info,Step 1284/1500: training loss=0.00,metrics
1732159174,info,Step 1283/1500: training loss=0.93,metrics
1732159172,info,Step 1282/1500: training loss=0.00,metrics
1732159172,info,Step 1281/1500: training loss=0.89,metrics
1732159170,info,Step 1280/1500: training loss=1.51,metrics
1732159167,info,Step 1279/1500: training loss=0.00,metrics
1732159167,info,Step 1278/1500: training loss=0.00,metrics
1732159165,info,Step 1277/1500: training loss=0.27,metrics
1732159165,info,Step 1276/1500: training loss=0.00,metrics
1732159162,info,Step 1275/1500: training loss=0.00,metrics
1732159160,info,Step 1274/1500: training loss=0.00,metrics
1732159160,info,Step 1273/1500: training loss=0.00,metrics
1732159158,info,Step 1272/1500: training loss=0.00,metrics
1732159158,info,Step 1271/1500: training loss=0.00,metrics
1732159155,info,Step 1270/1500: training loss=0.00,metrics
1732159153,info,Step 1269/1500: training loss=0.00,metrics
1732159153,info,Step 1268/1500: training loss=0.00,metrics
1732159151,info,Step 1267/1500: training loss=1.30,metrics
1732159151,info,Step 1266/1500: training loss=0.00,metrics
1732159149,info,Step 1265/1500: training loss=0.00,metrics
1732159146,info,Step 1264/1500: training loss=0.00,metrics
1732159146,info,Step 1263/1500: training loss=0.00,metrics
1732159144,info,Step 1262/1500: training loss=0.00,metrics
1732159144,info,Step 1261/1500: training loss=0.00,metrics
1732159142,info,Step 1260/1500: training loss=0.00,metrics
1732159139,info,Step 1259/1500: training loss=0.00,metrics
1732159139,info,Step 1258/1500: training loss=0.43,metrics
1732159137,info,Step 1257/1500: training loss=0.00,metrics
1732159137,info,Step 1256/1500: training loss=0.00,metrics
1732159135,info,Step 1255/1500: training loss=1.34,metrics
1732159132,info,Step 1254/1500: training loss=0.00,metrics
1732159132,info,Step 1253/1500: training loss=0.00,metrics
1732159130,info,Step 1252/1500: training loss=0.00,metrics
1732159130,info,Step 1251/1500: training loss=0.70,metrics
1732159128,info,Step 1250/1500: training loss=0.00,metrics
1732159125,info,Step 1249/1500: training loss=0.00,metrics
1732159125,info,Step 1248/1500: training loss=0.00,metrics
1732159123,info,Step 1247/1500: training loss=0.24,metrics
1732159123,info,Step 1246/1500: training loss=0.00,metrics
1732159105,info,Step 1245/1500: training loss=0.00,metrics
1732159103,info,Step 1244/1500: training loss=0.00,metrics
1732159103,info,Step 1243/1500: training loss=0.00,metrics
1732159100,info,Step 1242/1500: training loss=0.00,metrics
1732159100,info,Step 1241/1500: training loss=0.00,metrics
1732159098,info,Step 1240/1500: training loss=0.00,metrics
1732159096,info,Step 1239/1500: training loss=1.09,metrics
1732159096,info,Step 1238/1500: training loss=0.00,metrics
1732159093,info,Step 1237/1500: training loss=0.00,metrics
1732159093,info,Step 1236/1500: training loss=0.00,metrics
1732159091,info,Step 1235/1500: training loss=0.00,metrics
1732159089,info,Step 1234/1500: training loss=0.00,metrics
1732159089,info,Step 1233/1500: training loss=0.00,metrics
1732159087,info,Step 1232/1500: training loss=0.00,metrics
1732159086,info,Step 1231/1500: training loss=0.86,metrics
1732159084,info,Step 1230/1500: training loss=0.00,metrics
1732159082,info,Step 1229/1500: training loss=0.00,metrics
1732159082,info,Step 1228/1500: training loss=0.27,metrics
1732159079,info,Step 1227/1500: training loss=0.00,metrics
1732159077,info,Step 1226/1500: training loss=1.42,metrics
1732159077,info,Step 1225/1500: training loss=0.00,metrics
1732159075,info,Step 1224/1500: training loss=0.00,metrics
1732159075,info,Step 1223/1500: training loss=0.00,metrics
1732159073,info,Step 1222/1500: training loss=0.00,metrics
1732159073,info,Step 1221/1500: training loss=0.99,metrics
1732159070,info,Step 1220/1500: training loss=0.00,metrics
1732159068,info,Step 1219/1500: training loss=0.00,metrics
1732159068,info,Step 1218/1500: training loss=1.15,metrics
1732159065,info,Step 1217/1500: training loss=0.00,metrics
1732159063,info,Step 1216/1500: training loss=0.00,metrics
1732159063,info,Step 1215/1500: training loss=0.00,metrics
1732159061,info,Step 1214/1500: training loss=0.00,metrics
1732159061,info,Step 1213/1500: training loss=0.67,metrics
1732159059,info,Step 1212/1500: training loss=0.00,metrics
1732159056,info,Step 1211/1500: training loss=2.41,metrics
1732159056,info,Step 1210/1500: training loss=0.50,metrics
1732159054,info,Step 1209/1500: training loss=0.00,metrics
1732159054,info,Step 1208/1500: training loss=0.00,metrics
1732159051,info,Step 1207/1500: training loss=0.00,metrics
1732159049,info,Step 1206/1500: training loss=0.00,metrics
1732159049,info,Step 1205/1500: training loss=3.13,metrics
1732159047,info,Step 1204/1500: training loss=0.00,metrics
1732159047,info,Step 1203/1500: training loss=0.00,metrics
1732159045,info,Step 1202/1500: training loss=0.00,metrics
1732159042,info,Step 1201/1500: training loss=0.00,metrics
1732159042,info,Step 1200/1500: training loss=0.00,metrics
1732159040,info,Step 1199/1500: training loss=1.84,metrics
1732159040,info,Step 1198/1500: training loss=0.00,metrics
1732159037,info,Step 1197/1500: training loss=0.00,metrics
1732159035,info,Step 1196/1500: training loss=0.00,metrics
1732159035,info,Step 1195/1500: training loss=0.00,metrics
1732159033,info,Step 1194/1500: training loss=0.00,metrics
1732159033,info,Step 1193/1500: training loss=0.00,metrics
1732159030,info,Step 1192/1500: training loss=0.00,metrics
1732159028,info,Step 1191/1500: training loss=0.00,metrics
1732159028,info,Step 1190/1500: training loss=0.00,metrics
1732159026,info,Step 1189/1500: training loss=0.00,metrics
1732159026,info,Step 1188/1500: training loss=0.96,metrics
1732159023,info,Step 1187/1500: training loss=0.00,metrics
1732159021,info,Step 1186/1500: training loss=0.00,metrics
1732159021,info,Step 1185/1500: training loss=0.00,metrics
1732159019,info,Step 1184/1500: training loss=0.00,metrics
1732159019,info,Step 1183/1500: training loss=0.00,metrics
1732159017,info,Step 1182/1500: training loss=0.00,metrics
1732159014,info,Step 1181/1500: training loss=0.00,metrics
1732159014,info,Step 1180/1500: training loss=0.00,metrics
1732159012,info,Step 1179/1500: training loss=0.00,metrics
1732159012,info,Step 1178/1500: training loss=0.00,metrics
1732159009,info,Step 1177/1500: training loss=0.00,metrics
1732159007,info,Step 1176/1500: training loss=0.55,metrics
1732159007,info,Step 1175/1500: training loss=0.00,metrics
1732159005,info,Step 1174/1500: training loss=0.71,metrics
1732159005,info,Step 1173/1500: training loss=0.00,metrics
1732159003,info,Step 1172/1500: training loss=0.49,metrics
1732159003,info,Step 1171/1500: training loss=0.00,metrics
1732159000,info,Step 1170/1500: training loss=0.00,metrics
1732158998,info,Step 1169/1500: training loss=0.00,metrics
1732158998,info,Step 1168/1500: training loss=0.00,metrics
1732158996,info,Step 1167/1500: training loss=0.00,metrics
1732158996,info,Step 1166/1500: training loss=0.00,metrics
1732158993,info,Step 1165/1500: training loss=0.00,metrics
1732158991,info,Step 1164/1500: training loss=0.00,metrics
1732158991,info,Step 1163/1500: training loss=0.00,metrics
1732158989,info,Step 1162/1500: training loss=0.00,metrics
1732158989,info,Step 1161/1500: training loss=0.10,metrics
1732158986,info,Step 1160/1500: training loss=0.00,metrics
1732158984,info,Step 1159/1500: training loss=0.00,metrics
1732158984,info,Step 1158/1500: training loss=0.00,metrics
1732158982,info,Step 1157/1500: training loss=0.00,metrics
1732158982,info,Step 1156/1500: training loss=0.00,metrics
1732158979,info,Step 1155/1500: training loss=0.00,metrics
1732158977,info,Step 1154/1500: training loss=0.58,metrics
1732158977,info,Step 1153/1500: training loss=0.00,metrics
1732158975,info,Step 1152/1500: training loss=0.00,metrics
1732158975,info,Step 1151/1500: training loss=0.00,metrics
1732158972,info,Step 1150/1500: training loss=0.00,metrics
1732158970,info,Step 1149/1500: training loss=0.00,metrics
1732158970,info,Step 1148/1500: training loss=0.00,metrics
1732158968,info,Step 1147/1500: training loss=1.40,metrics
1732158968,info,Step 1146/1500: training loss=0.00,metrics
1732158965,info,Step 1145/1500: training loss=0.00,metrics
1732158963,info,Step 1144/1500: training loss=0.00,metrics
1732158963,info,Step 1143/1500: training loss=0.00,metrics
1732158961,info,Step 1142/1500: training loss=1.48,metrics
1732158961,info,Step 1141/1500: training loss=0.00,metrics
1732158958,info,Step 1140/1500: training loss=0.05,metrics
1732158956,info,Step 1139/1500: training loss=0.00,metrics
1732158956,info,Step 1138/1500: training loss=0.00,metrics
1732158954,info,Step 1137/1500: training loss=0.00,metrics
1732158951,info,Step 1136/1500: training loss=0.00,metrics
1732158951,info,Step 1135/1500: training loss=0.00,metrics
1732158949,info,Step 1134/1500: training loss=0.00,metrics
1732158949,info,Step 1133/1500: training loss=0.00,metrics
1732158947,info,Step 1132/1500: training loss=1.83,metrics
1732158947,info,Step 1131/1500: training loss=0.82,metrics
1732158944,info,Step 1130/1500: training loss=0.00,metrics
1732158942,info,Step 1129/1500: training loss=0.00,metrics
1732158942,info,Step 1128/1500: training loss=0.00,metrics
1732158940,info,Step 1127/1500: training loss=0.00,metrics
1732158940,info,Step 1126/1500: training loss=0.00,metrics
1732158937,info,Step 1125/1500: training loss=0.00,metrics
1732158935,info,Step 1124/1500: training loss=2.82,metrics
1732158935,info,Step 1123/1500: training loss=0.00,metrics
1732158933,info,Step 1122/1500: training loss=1.67,metrics
1732158933,info,Step 1121/1500: training loss=0.00,metrics
1732158930,info,Step 1120/1500: training loss=0.00,metrics
1732158928,info,Step 1119/1500: training loss=0.00,metrics
1732158928,info,Step 1118/1500: training loss=0.00,metrics
1732158926,info,Step 1117/1500: training loss=0.04,metrics
1732158926,info,Step 1116/1500: training loss=0.00,metrics
1732158924,info,Step 1115/1500: training loss=1.64,metrics
1732158921,info,Step 1114/1500: training loss=0.00,metrics
1732158921,info,Step 1113/1500: training loss=0.00,metrics
1732158919,info,Step 1112/1500: training loss=0.00,metrics
1732158919,info,Step 1111/1500: training loss=0.00,metrics
1732158916,info,Step 1110/1500: training loss=0.00,metrics
1732158914,info,Step 1109/1500: training loss=0.00,metrics
1732158914,info,Step 1108/1500: training loss=0.00,metrics
1732158912,info,Step 1107/1500: training loss=0.00,metrics
1732158912,info,Step 1106/1500: training loss=0.01,metrics
1732158909,info,Step 1105/1500: training loss=0.00,metrics
1732158907,info,Step 1104/1500: training loss=0.00,metrics
1732158907,info,Step 1103/1500: training loss=0.00,metrics
1732158905,info,Step 1102/1500: training loss=0.92,metrics
1732158905,info,Step 1101/1500: training loss=1.75,metrics
1732158902,info,Step 1100/1500: training loss=0.00,metrics
1732158900,info,Step 1099/1500: training loss=0.00,metrics
1732158900,info,Step 1098/1500: training loss=0.00,metrics
1732158898,info,Step 1097/1500: training loss=0.00,metrics
1732158898,info,Step 1096/1500: training loss=0.00,metrics
1732158896,info,Step 1095/1500: training loss=0.00,metrics
1732158893,info,Step 1094/1500: training loss=0.00,metrics
1732158893,info,Step 1093/1500: training loss=0.00,metrics
1732158891,info,Step 1092/1500: training loss=0.00,metrics
1732158891,info,Step 1091/1500: training loss=0.00,metrics
1732158889,info,Step 1090/1500: training loss=0.00,metrics
1732158886,info,Step 1089/1500: training loss=0.00,metrics
1732158886,info,Step 1088/1500: training loss=0.00,metrics
1732158884,info,Step 1087/1500: training loss=0.37,metrics
1732158884,info,Step 1086/1500: training loss=0.00,metrics
1732158881,info,Step 1085/1500: training loss=0.00,metrics
1732158879,info,Step 1084/1500: training loss=0.60,metrics
1732158879,info,Step 1083/1500: training loss=0.40,metrics
1732158877,info,Step 1082/1500: training loss=0.00,metrics
1732158877,info,Step 1081/1500: training loss=0.00,metrics
1732158874,info,Step 1080/1500: training loss=0.00,metrics
1732158872,info,Step 1079/1500: training loss=0.00,metrics
1732158872,info,Step 1078/1500: training loss=0.00,metrics
1732158870,info,Step 1077/1500: training loss=0.98,metrics
1732158870,info,Step 1076/1500: training loss=0.00,metrics
1732158868,info,Step 1075/1500: training loss=0.00,metrics
1732158865,info,Step 1074/1500: training loss=0.00,metrics
1732158865,info,Step 1073/1500: training loss=0.00,metrics
1732158863,info,Step 1072/1500: training loss=0.00,metrics
1732158863,info,Step 1071/1500: training loss=0.82,metrics
1732158861,info,Step 1070/1500: training loss=1.54,metrics
1732158858,info,Step 1069/1500: training loss=0.00,metrics
1732158858,info,Step 1068/1500: training loss=0.00,metrics
1732158856,info,Step 1067/1500: training loss=0.00,metrics
1732158856,info,Step 1066/1500: training loss=0.00,metrics
1732158854,info,Step 1065/1500: training loss=0.00,metrics
1732158854,info,Step 1064/1500: training loss=2.27,metrics
1732158851,info,Step 1063/1500: training loss=0.00,metrics
1732158849,info,Step 1062/1500: training loss=0.00,metrics
1732158849,info,Step 1061/1500: training loss=0.00,metrics
1732158847,info,Step 1060/1500: training loss=0.00,metrics
1732158847,info,Step 1059/1500: training loss=0.00,metrics
1732158844,info,Step 1058/1500: training loss=1.66,metrics
1732158842,info,Step 1057/1500: training loss=0.71,metrics
1732158842,info,Step 1056/1500: training loss=0.00,metrics
1732158840,info,Step 1055/1500: training loss=0.00,metrics
1732158837,info,Step 1054/1500: training loss=0.00,metrics
1732158837,info,Step 1053/1500: training loss=0.00,metrics
1732158835,info,Step 1052/1500: training loss=0.00,metrics
1732158835,info,Step 1051/1500: training loss=0.00,metrics
1732158833,info,Step 1050/1500: training loss=0.56,metrics
1732158830,info,Step 1049/1500: training loss=1.19,metrics
1732158830,info,Step 1048/1500: training loss=0.00,metrics
1732158828,info,Step 1047/1500: training loss=0.00,metrics
1732158828,info,Step 1046/1500: training loss=0.00,metrics
1732158826,info,Step 1045/1500: training loss=0.00,metrics
1732158824,info,Step 1044/1500: training loss=0.00,metrics
1732158824,info,Step 1043/1500: training loss=0.00,metrics
1732158821,info,Step 1042/1500: training loss=0.00,metrics
1732158821,info,Step 1041/1500: training loss=0.00,metrics
1732158819,info,Step 1040/1500: training loss=0.00,metrics
1732158819,info,Step 1039/1500: training loss=1.40,metrics
1732158816,info,Step 1038/1500: training loss=0.00,metrics
1732158814,info,Step 1037/1500: training loss=0.00,metrics
1732158814,info,Step 1036/1500: training loss=0.00,metrics
1732158812,info,Step 1035/1500: training loss=0.00,metrics
1732158810,info,Step 1034/1500: training loss=1.06,metrics
1732158810,info,Step 1033/1500: training loss=0.00,metrics
1732158807,info,Step 1032/1500: training loss=0.04,metrics
1732158807,info,Step 1031/1500: training loss=0.00,metrics
1732158805,info,Step 1030/1500: training loss=0.00,metrics
1732158803,info,Step 1029/1500: training loss=0.00,metrics
1732158803,info,Step 1028/1500: training loss=0.00,metrics
1732158800,info,Step 1027/1500: training loss=0.00,metrics
1732158800,info,Step 1026/1500: training loss=0.00,metrics
1732158798,info,Step 1025/1500: training loss=0.00,metrics
1732158796,info,Step 1024/1500: training loss=1.55,metrics
1732158796,info,Step 1023/1500: training loss=0.00,metrics
1732158793,info,Step 1022/1500: training loss=0.00,metrics
1732158793,info,Step 1021/1500: training loss=0.00,metrics
1732158791,info,Step 1020/1500: training loss=0.00,metrics
1732158791,info,Step 1019/1500: training loss=1.17,metrics
1732158788,info,Step 1018/1500: training loss=1.59,metrics
1732158786,info,Step 1017/1500: training loss=0.00,metrics
1732158786,info,Step 1016/1500: training loss=0.00,metrics
1732158784,info,Step 1015/1500: training loss=0.35,metrics
1732158784,info,Step 1014/1500: training loss=0.00,metrics
1732158782,info,Step 1013/1500: training loss=0.00,metrics
1732158779,info,Step 1012/1500: training loss=0.00,metrics
1732158779,info,Step 1011/1500: training loss=0.00,metrics
1732158777,info,Step 1010/1500: training loss=0.00,metrics
1732158777,info,Step 1009/1500: training loss=0.00,metrics
1732158775,info,Step 1008/1500: training loss=0.00,metrics
1732158772,info,Step 1007/1500: training loss=0.00,metrics
1732158772,info,Step 1006/1500: training loss=0.00,metrics
1732158770,info,Step 1005/1500: training loss=0.00,metrics
1732158770,info,Step 1004/1500: training loss=0.00,metrics
1732158768,info,Step 1003/1500: training loss=0.78,metrics
1732158766,info,Step 1002/1500: training loss=0.00,metrics
1732158765,info,Step 1001/1500: training loss=0.00,metrics
1732158763,info,Step 1000/1500: training loss=0.00,metrics
1732158760,info,Step 999/1500: training loss=0.64,metrics
1732158760,info,Step 998/1500: training loss=0.75,metrics
1732158758,info,Step 997/1500: training loss=0.00,metrics
1732158758,info,Step 996/1500: training loss=0.00,metrics
1732158755,info,Step 995/1500: training loss=0.00,metrics
1732158753,info,Step 994/1500: training loss=0.00,metrics
1732158753,info,Step 993/1500: training loss=0.00,metrics
1732158751,info,Step 992/1500: training loss=0.00,metrics
1732158751,info,Step 991/1500: training loss=3.05,metrics
1732158748,info,Step 990/1500: training loss=0.74,metrics
1732158746,info,Step 989/1500: training loss=0.00,metrics
1732158746,info,Step 988/1500: training loss=0.00,metrics
1732158744,info,Step 987/1500: training loss=0.00,metrics
1732158742,info,Step 986/1500: training loss=0.00,metrics
1732158742,info,Step 985/1500: training loss=0.00,metrics
1732158739,info,Step 984/1500: training loss=0.00,metrics
1732158739,info,Step 983/1500: training loss=0.00,metrics
1732158737,info,Step 982/1500: training loss=0.00,metrics
1732158735,info,Step 981/1500: training loss=0.00,metrics
1732158735,info,Step 980/1500: training loss=0.84,metrics
1732158732,info,Step 979/1500: training loss=0.00,metrics
1732158732,info,Step 978/1500: training loss=0.00,metrics
1732158730,info,Step 977/1500: training loss=0.00,metrics
1732158727,info,Step 976/1500: training loss=0.00,metrics
1732158727,info,Step 975/1500: training loss=0.00,metrics
1732158725,info,Step 974/1500: training loss=1.41,metrics
1732158725,info,Step 973/1500: training loss=0.00,metrics
1732158723,info,Step 972/1500: training loss=0.00,metrics
1732158721,info,Step 971/1500: training loss=0.00,metrics
1732158720,info,Step 970/1500: training loss=0.00,metrics
1732158718,info,Step 969/1500: training loss=0.00,metrics
1732158718,info,Step 968/1500: training loss=0.00,metrics
1732158716,info,Step 967/1500: training loss=1.11,metrics
1732158714,info,Step 966/1500: training loss=0.00,metrics
1732158714,info,Step 965/1500: training loss=0.00,metrics
1732158711,info,Step 964/1500: training loss=0.00,metrics
1732158711,info,Step 963/1500: training loss=1.13,metrics
1732158709,info,Step 962/1500: training loss=0.00,metrics
1732158707,info,Step 961/1500: training loss=0.00,metrics
1732158707,info,Step 960/1500: training loss=0.00,metrics
1732158704,info,Step 959/1500: training loss=0.00,metrics
1732158704,info,Step 958/1500: training loss=0.00,metrics
1732158702,info,Step 957/1500: training loss=0.28,metrics
1732158700,info,Step 956/1500: training loss=0.00,metrics
1732158700,info,Step 955/1500: training loss=1.00,metrics
1732158697,info,Step 954/1500: training loss=0.00,metrics
1732158697,info,Step 953/1500: training loss=0.02,metrics
1732158695,info,Step 952/1500: training loss=0.14,metrics
1732158693,info,Step 951/1500: training loss=1.10,metrics
1732158693,info,Step 950/1500: training loss=0.00,metrics
1732158690,info,Step 949/1500: training loss=0.93,metrics
1732158690,info,Step 948/1500: training loss=0.00,metrics
1732158688,info,Step 947/1500: training loss=0.63,metrics
1732158686,info,Step 946/1500: training loss=0.19,metrics
1732158686,info,Step 945/1500: training loss=2.72,metrics
1732158684,info,Step 944/1500: training loss=0.00,metrics
1732158683,info,Step 943/1500: training loss=1.90,metrics
1732158681,info,Step 942/1500: training loss=0.00,metrics
1732158679,info,Step 941/1500: training loss=0.00,metrics
1732158679,info,Step 940/1500: training loss=0.90,metrics
1732158677,info,Step 939/1500: training loss=0.00,metrics
1732158676,info,Step 938/1500: training loss=0.00,metrics
1732158674,info,Step 937/1500: training loss=2.31,metrics
1732158672,info,Step 936/1500: training loss=0.00,metrics
1732158672,info,Step 935/1500: training loss=0.55,metrics
1732158670,info,Step 934/1500: training loss=0.00,metrics
1732158670,info,Step 933/1500: training loss=1.37,metrics
1732158667,info,Step 932/1500: training loss=0.00,metrics
1732158665,info,Step 931/1500: training loss=0.00,metrics
1732158665,info,Step 930/1500: training loss=0.00,metrics
1732158662,info,Step 929/1500: training loss=0.00,metrics
1732158662,info,Step 928/1500: training loss=0.00,metrics
1732158660,info,Step 927/1500: training loss=0.00,metrics
1732158658,info,Step 926/1500: training loss=0.00,metrics
1732158658,info,Step 925/1500: training loss=0.85,metrics
1732158655,info,Step 924/1500: training loss=1.52,metrics
1732158653,info,Step 923/1500: training loss=0.00,metrics
1732158653,info,Step 922/1500: training loss=0.00,metrics
1732158651,info,Step 921/1500: training loss=0.00,metrics
1732158651,info,Step 920/1500: training loss=1.08,metrics
1732158648,info,Step 919/1500: training loss=0.00,metrics
1732158646,info,Step 918/1500: training loss=0.00,metrics
1732158646,info,Step 917/1500: training loss=0.24,metrics
1732158644,info,Step 916/1500: training loss=0.00,metrics
1732158644,info,Step 915/1500: training loss=0.13,metrics
1732158642,info,Step 914/1500: training loss=0.00,metrics
1732158635,info,Step 913/1500: training loss=0.00,metrics
1732158635,info,Step 912/1500: training loss=0.00,metrics
1732158632,info,Step 911/1500: training loss=0.00,metrics
1732158630,info,Step 910/1500: training loss=0.00,metrics
1732158630,info,Step 909/1500: training loss=1.45,metrics
1732158628,info,Step 908/1500: training loss=0.00,metrics
1732158625,info,Step 907/1500: training loss=0.00,metrics
1732158625,info,Step 906/1500: training loss=0.00,metrics
1732158623,info,Step 905/1500: training loss=0.00,metrics
1732158623,info,Step 904/1500: training loss=0.00,metrics
1732158621,info,Step 903/1500: training loss=0.55,metrics
1732158619,info,Step 902/1500: training loss=0.00,metrics
1732158619,info,Step 901/1500: training loss=0.00,metrics
1732158616,info,Step 900/1500: training loss=0.49,metrics
1732158616,info,Step 899/1500: training loss=0.66,metrics
1732158614,info,Step 898/1500: training loss=0.01,metrics
1732158612,info,Step 897/1500: training loss=0.00,metrics
1732158612,info,Step 896/1500: training loss=0.00,metrics
1732158609,info,Step 895/1500: training loss=0.52,metrics
1732158609,info,Step 894/1500: training loss=1.50,metrics
1732158607,info,Step 893/1500: training loss=0.00,metrics
1732158605,info,Step 892/1500: training loss=0.00,metrics
1732158605,info,Step 891/1500: training loss=0.01,metrics
1732158602,info,Step 890/1500: training loss=0.27,metrics
1732158602,info,Step 889/1500: training loss=0.00,metrics
1732158598,info,Step 888/1500: training loss=0.00,metrics
1732158595,info,Step 887/1500: training loss=1.55,metrics
1732158595,info,Step 886/1500: training loss=1.41,metrics
1732158593,info,Step 885/1500: training loss=0.00,metrics
1732158593,info,Step 884/1500: training loss=0.00,metrics
1732158591,info,Step 883/1500: training loss=0.00,metrics
1732158589,info,Step 882/1500: training loss=0.00,metrics
1732158588,info,Step 881/1500: training loss=0.31,metrics
1732158586,info,Step 880/1500: training loss=0.00,metrics
1732158586,info,Step 879/1500: training loss=0.00,metrics
1732158584,info,Step 878/1500: training loss=0.00,metrics
1732158582,info,Step 877/1500: training loss=0.00,metrics
1732158581,info,Step 876/1500: training loss=1.34,metrics
1732158579,info,Step 875/1500: training loss=0.00,metrics
1732158579,info,Step 874/1500: training loss=0.00,metrics
1732158577,info,Step 873/1500: training loss=0.00,metrics
1732158575,info,Step 872/1500: training loss=0.00,metrics
1732158575,info,Step 871/1500: training loss=0.00,metrics
1732158572,info,Step 870/1500: training loss=0.00,metrics
1732158572,info,Step 869/1500: training loss=0.00,metrics
1732158570,info,Step 868/1500: training loss=0.00,metrics
1732158567,info,Step 867/1500: training loss=0.00,metrics
1732158567,info,Step 866/1500: training loss=0.05,metrics
1732158565,info,Step 865/1500: training loss=0.00,metrics
1732158565,info,Step 864/1500: training loss=2.01,metrics
1732158563,info,Step 863/1500: training loss=0.14,metrics
1732158561,info,Step 862/1500: training loss=0.00,metrics
1732158560,info,Step 861/1500: training loss=1.09,metrics
1732158558,info,Step 860/1500: training loss=0.00,metrics
1732158558,info,Step 859/1500: training loss=1.40,metrics
1732158556,info,Step 858/1500: training loss=0.58,metrics
1732158554,info,Step 857/1500: training loss=0.37,metrics
1732158553,info,Step 856/1500: training loss=0.00,metrics
1732158551,info,Step 855/1500: training loss=1.26,metrics
1732158551,info,Step 854/1500: training loss=0.74,metrics
1732158549,info,Step 853/1500: training loss=0.00,metrics
1732158547,info,Step 852/1500: training loss=0.00,metrics
1732158547,info,Step 851/1500: training loss=0.00,metrics
1732158544,info,Step 850/1500: training loss=0.00,metrics
1732158544,info,Step 849/1500: training loss=0.00,metrics
1732158542,info,Step 848/1500: training loss=0.00,metrics
1732158542,info,Step 847/1500: training loss=0.00,metrics
1732158539,info,Step 846/1500: training loss=0.00,metrics
1732158537,info,Step 845/1500: training loss=0.00,metrics
1732158537,info,Step 844/1500: training loss=0.63,metrics
1732158535,info,Step 843/1500: training loss=0.00,metrics
1732158533,info,Step 842/1500: training loss=0.00,metrics
1732158533,info,Step 841/1500: training loss=1.47,metrics
1732158530,info,Step 840/1500: training loss=0.00,metrics
1732158530,info,Step 839/1500: training loss=0.00,metrics
1732158528,info,Step 838/1500: training loss=0.00,metrics
1732158526,info,Step 837/1500: training loss=0.00,metrics
1732158526,info,Step 836/1500: training loss=0.00,metrics
1732158523,info,Step 835/1500: training loss=0.00,metrics
1732158523,info,Step 834/1500: training loss=0.01,metrics
1732158521,info,Step 833/1500: training loss=0.24,metrics
1732158519,info,Step 832/1500: training loss=0.31,metrics
1732158519,info,Step 831/1500: training loss=0.01,metrics
1732158516,info,Step 830/1500: training loss=0.00,metrics
1732158516,info,Step 829/1500: training loss=0.00,metrics
1732158514,info,Step 828/1500: training loss=0.00,metrics
1732158512,info,Step 827/1500: training loss=1.47,metrics
1732158512,info,Step 826/1500: training loss=0.87,metrics
1732158509,info,Step 825/1500: training loss=0.00,metrics
1732158509,info,Step 824/1500: training loss=0.00,metrics
1732158507,info,Step 823/1500: training loss=0.00,metrics
1732158505,info,Step 822/1500: training loss=0.00,metrics
1732158505,info,Step 821/1500: training loss=0.00,metrics
1732158502,info,Step 820/1500: training loss=0.74,metrics
1732158502,info,Step 819/1500: training loss=0.00,metrics
1732158500,info,Step 818/1500: training loss=0.08,metrics
1732158500,info,Step 817/1500: training loss=0.00,metrics
1732158498,info,Step 816/1500: training loss=0.00,metrics
1732158495,info,Step 815/1500: training loss=0.00,metrics
1732158495,info,Step 814/1500: training loss=0.00,metrics
1732158493,info,Step 813/1500: training loss=0.00,metrics
1732158491,info,Step 812/1500: training loss=0.00,metrics
1732158491,info,Step 811/1500: training loss=0.00,metrics
1732158488,info,Step 810/1500: training loss=0.00,metrics
1732158488,info,Step 809/1500: training loss=0.00,metrics
1732158486,info,Step 808/1500: training loss=1.54,metrics
1732158484,info,Step 807/1500: training loss=1.59,metrics
1732158484,info,Step 806/1500: training loss=0.77,metrics
1732158475,info,Step 805/1500: training loss=1.15,metrics
1732158472,info,Step 804/1500: training loss=0.00,metrics
1732158472,info,Step 803/1500: training loss=0.00,metrics
1732158470,info,Step 802/1500: training loss=0.96,metrics
1732158468,info,Step 801/1500: training loss=0.00,metrics
1732158468,info,Step 800/1500: training loss=1.28,metrics
1732158465,info,Step 799/1500: training loss=0.00,metrics
1732158465,info,Step 798/1500: training loss=0.00,metrics
1732158463,info,Step 797/1500: training loss=0.00,metrics
1732158461,info,Step 796/1500: training loss=0.74,metrics
1732158461,info,Step 795/1500: training loss=0.00,metrics
1732158459,info,Step 794/1500: training loss=0.00,metrics
1732158459,info,Step 793/1500: training loss=0.00,metrics
1732158456,info,Step 792/1500: training loss=0.00,metrics
1732158454,info,Step 791/1500: training loss=0.00,metrics
1732158454,info,Step 790/1500: training loss=2.18,metrics
1732158451,info,Step 789/1500: training loss=0.00,metrics
1732158451,info,Step 788/1500: training loss=0.00,metrics
1732158449,info,Step 787/1500: training loss=0.00,metrics
1732158447,info,Step 786/1500: training loss=0.00,metrics
1732158447,info,Step 785/1500: training loss=0.00,metrics
1732158444,info,Step 784/1500: training loss=0.00,metrics
1732158444,info,Step 783/1500: training loss=0.00,metrics
1732158442,info,Step 782/1500: training loss=0.03,metrics
1732158442,info,Step 781/1500: training loss=0.00,metrics
1732158440,info,Step 780/1500: training loss=0.00,metrics
1732158437,info,Step 779/1500: training loss=0.00,metrics
1732158437,info,Step 778/1500: training loss=0.00,metrics
1732158435,info,Step 777/1500: training loss=0.00,metrics
1732158433,info,Step 776/1500: training loss=0.01,metrics
1732158433,info,Step 775/1500: training loss=0.09,metrics
1732158431,info,Step 774/1500: training loss=0.01,metrics
1732158431,info,Step 773/1500: training loss=1.29,metrics
1732158428,info,Step 772/1500: training loss=0.00,metrics
1732158426,info,Step 771/1500: training loss=0.42,metrics
1732158426,info,Step 770/1500: training loss=0.92,metrics
1732158424,info,Step 769/1500: training loss=0.00,metrics
1732158424,info,Step 768/1500: training loss=0.00,metrics
1732158421,info,Step 767/1500: training loss=0.00,metrics
1732158419,info,Step 766/1500: training loss=1.69,metrics
1732158419,info,Step 765/1500: training loss=1.84,metrics
1732158417,info,Step 764/1500: training loss=0.00,metrics
1732158417,info,Step 763/1500: training loss=1.66,metrics
1732158414,info,Step 762/1500: training loss=1.52,metrics
1732158414,info,Step 761/1500: training loss=0.00,metrics
1732158412,info,Step 760/1500: training loss=0.00,metrics
1732158409,info,Step 759/1500: training loss=0.00,metrics
1732158409,info,Step 758/1500: training loss=0.00,metrics
1732158407,info,Step 757/1500: training loss=0.00,metrics
1732158405,info,Step 756/1500: training loss=0.00,metrics
1732158405,info,Step 755/1500: training loss=0.00,metrics
1732158403,info,Step 754/1500: training loss=0.00,metrics
1732158403,info,Step 753/1500: training loss=0.00,metrics
1732158400,info,Step 752/1500: training loss=0.00,metrics
1732158398,info,Step 751/1500: training loss=1.77,metrics
1732158398,info,Step 750/1500: training loss=0.00,metrics
1732158396,info,Step 749/1500: training loss=0.00,metrics
1732158396,info,Step 748/1500: training loss=1.06,metrics
1732158393,info,Step 747/1500: training loss=0.00,metrics
1732158391,info,Step 746/1500: training loss=1.49,metrics
1732158391,info,Step 745/1500: training loss=1.44,metrics
1732158389,info,Step 744/1500: training loss=1.31,metrics
1732158389,info,Step 743/1500: training loss=0.00,metrics
1732158387,info,Step 742/1500: training loss=0.00,metrics
1732158386,info,Step 741/1500: training loss=0.00,metrics
1732158384,info,Step 740/1500: training loss=0.00,metrics
1732158382,info,Step 739/1500: training loss=0.00,metrics
1732158382,info,Step 738/1500: training loss=0.00,metrics
1732158379,info,Step 737/1500: training loss=0.00,metrics
1732158379,info,Step 736/1500: training loss=0.09,metrics
1732158377,info,Step 735/1500: training loss=0.02,metrics
1732158375,info,Step 734/1500: training loss=0.00,metrics
1732158375,info,Step 733/1500: training loss=0.00,metrics
1732158372,info,Step 732/1500: training loss=0.00,metrics
1732158372,info,Step 731/1500: training loss=0.00,metrics
1732158370,info,Step 730/1500: training loss=0.00,metrics
1732158368,info,Step 729/1500: training loss=0.00,metrics
1732158368,info,Step 728/1500: training loss=0.00,metrics
1732158365,info,Step 727/1500: training loss=0.00,metrics
1732158365,info,Step 726/1500: training loss=0.00,metrics
1732158363,info,Step 725/1500: training loss=0.00,metrics
1732158361,info,Step 724/1500: training loss=0.00,metrics
1732158361,info,Step 723/1500: training loss=1.56,metrics
1732158359,info,Step 722/1500: training loss=1.27,metrics
1732158358,info,Step 721/1500: training loss=1.27,metrics
1732158356,info,Step 720/1500: training loss=1.13,metrics
1732158354,info,Step 719/1500: training loss=0.00,metrics
1732158354,info,Step 718/1500: training loss=0.00,metrics
1732158351,info,Step 717/1500: training loss=0.00,metrics
1732158351,info,Step 716/1500: training loss=0.00,metrics
1732158349,info,Step 715/1500: training loss=0.00,metrics
1732158347,info,Step 714/1500: training loss=0.00,metrics
1732158347,info,Step 713/1500: training loss=1.55,metrics
1732158345,info,Step 712/1500: training loss=0.83,metrics
1732158344,info,Step 711/1500: training loss=0.15,metrics
1732158342,info,Step 710/1500: training loss=0.00,metrics
1732158340,info,Step 709/1500: training loss=0.05,metrics
1732158340,info,Step 708/1500: training loss=0.12,metrics
1732158338,info,Step 707/1500: training loss=0.00,metrics
1732158337,info,Step 706/1500: training loss=0.98,metrics
1732158335,info,Step 705/1500: training loss=0.00,metrics
1732158333,info,Step 704/1500: training loss=0.00,metrics
1732158333,info,Step 703/1500: training loss=0.04,metrics
1732158331,info,Step 702/1500: training loss=0.00,metrics
1732158331,info,Step 701/1500: training loss=1.92,metrics
1732158328,info,Step 700/1500: training loss=1.30,metrics
1732158328,info,Step 699/1500: training loss=0.00,metrics
1732158326,info,Step 698/1500: training loss=1.81,metrics
1732158324,info,Step 697/1500: training loss=0.91,metrics
1732158324,info,Step 696/1500: training loss=0.72,metrics
1732158321,info,Step 695/1500: training loss=0.00,metrics
1732158321,info,Step 694/1500: training loss=0.00,metrics
1732158319,info,Step 693/1500: training loss=3.37,metrics
1732158317,info,Step 692/1500: training loss=0.00,metrics
1732158316,info,Step 691/1500: training loss=0.00,metrics
1732158314,info,Step 690/1500: training loss=0.00,metrics
1732158314,info,Step 689/1500: training loss=0.15,metrics
1732158312,info,Step 688/1500: training loss=0.00,metrics
1732158310,info,Step 687/1500: training loss=0.00,metrics
1732158309,info,Step 686/1500: training loss=0.17,metrics
1732158307,info,Step 685/1500: training loss=0.00,metrics
1732158307,info,Step 684/1500: training loss=0.00,metrics
1732158305,info,Step 683/1500: training loss=0.15,metrics
1732158303,info,Step 682/1500: training loss=0.00,metrics
1732158303,info,Step 681/1500: training loss=0.00,metrics
1732158300,info,Step 680/1500: training loss=0.00,metrics
1732158300,info,Step 679/1500: training loss=0.00,metrics
1732158298,info,Step 678/1500: training loss=0.00,metrics
1732158296,info,Step 677/1500: training loss=0.00,metrics
1732158296,info,Step 676/1500: training loss=0.82,metrics
1732158293,info,Step 675/1500: training loss=0.00,metrics
1732158291,info,Step 674/1500: training loss=0.29,metrics
1732158291,info,Step 673/1500: training loss=0.40,metrics
1732158289,info,Step 672/1500: training loss=0.85,metrics
1732158289,info,Step 671/1500: training loss=0.00,metrics
1732158286,info,Step 670/1500: training loss=0.00,metrics
1732158286,info,Step 669/1500: training loss=0.00,metrics
1732158284,info,Step 668/1500: training loss=0.82,metrics
1732158282,info,Step 667/1500: training loss=0.00,metrics
1732158282,info,Step 666/1500: training loss=0.00,metrics
1732158279,info,Step 665/1500: training loss=0.00,metrics
1732158279,info,Step 664/1500: training loss=0.00,metrics
1732158277,info,Step 663/1500: training loss=0.00,metrics
1732158275,info,Step 662/1500: training loss=0.69,metrics
1732158275,info,Step 661/1500: training loss=0.00,metrics
1732158272,info,Step 660/1500: training loss=0.34,metrics
1732158272,info,Step 659/1500: training loss=0.00,metrics
1732158270,info,Step 658/1500: training loss=0.00,metrics
1732158268,info,Step 657/1500: training loss=1.45,metrics
1732158268,info,Step 656/1500: training loss=0.00,metrics
1732158265,info,Step 655/1500: training loss=0.73,metrics
1732158265,info,Step 654/1500: training loss=1.47,metrics
1732158263,info,Step 653/1500: training loss=0.62,metrics
1732158261,info,Step 652/1500: training loss=0.25,metrics
1732158261,info,Step 651/1500: training loss=0.58,metrics
1732158258,info,Step 650/1500: training loss=0.30,metrics
1732158258,info,Step 649/1500: training loss=0.00,metrics
1732158256,info,Step 648/1500: training loss=0.67,metrics
1732158254,info,Step 647/1500: training loss=1.09,metrics
1732158254,info,Step 646/1500: training loss=0.29,metrics
1732158251,info,Step 645/1500: training loss=0.00,metrics
1732158251,info,Step 644/1500: training loss=0.04,metrics
1732158249,info,Step 643/1500: training loss=0.00,metrics
1732158247,info,Step 642/1500: training loss=0.34,metrics
1732158247,info,Step 641/1500: training loss=0.00,metrics
1732158244,info,Step 640/1500: training loss=0.00,metrics
1732158244,info,Step 639/1500: training loss=0.00,metrics
1732158242,info,Step 638/1500: training loss=0.78,metrics
1732158240,info,Step 637/1500: training loss=0.00,metrics
1732158240,info,Step 636/1500: training loss=0.73,metrics
1732158238,info,Step 635/1500: training loss=0.00,metrics
1732158238,info,Step 634/1500: training loss=0.18,metrics
1732158235,info,Step 633/1500: training loss=1.22,metrics
1732158233,info,Step 632/1500: training loss=0.15,metrics
1732158233,info,Step 631/1500: training loss=0.38,metrics
1732158231,info,Step 630/1500: training loss=0.00,metrics
1732158231,info,Step 629/1500: training loss=0.00,metrics
1732158228,info,Step 628/1500: training loss=0.00,metrics
1732158228,info,Step 627/1500: training loss=0.00,metrics
1732158226,info,Step 626/1500: training loss=0.00,metrics
1732158223,info,Step 625/1500: training loss=1.09,metrics
1732158223,info,Step 624/1500: training loss=0.54,metrics
1732158221,info,Step 623/1500: training loss=0.00,metrics
1732158219,info,Step 622/1500: training loss=1.07,metrics
1732158205,info,Step 621/1500: training loss=2.00,metrics
1732158203,info,Step 620/1500: training loss=0.56,metrics
1732158201,info,Step 619/1500: training loss=0.00,metrics
1732158201,info,Step 618/1500: training loss=0.24,metrics
1732158198,info,Step 617/1500: training loss=0.00,metrics
1732158198,info,Step 616/1500: training loss=0.56,metrics
1732158196,info,Step 615/1500: training loss=1.20,metrics
1732158194,info,Step 614/1500: training loss=0.00,metrics
1732158194,info,Step 613/1500: training loss=0.06,metrics
1732158191,info,Step 612/1500: training loss=0.00,metrics
1732158191,info,Step 611/1500: training loss=0.00,metrics
1732158189,info,Step 610/1500: training loss=1.47,metrics
1732158187,info,Step 609/1500: training loss=1.19,metrics
1732158187,info,Step 608/1500: training loss=0.01,metrics
1732158184,info,Step 607/1500: training loss=0.17,metrics
1732158184,info,Step 606/1500: training loss=1.37,metrics
1732158182,info,Step 605/1500: training loss=0.00,metrics
1732158180,info,Step 604/1500: training loss=0.00,metrics
1732158180,info,Step 603/1500: training loss=0.00,metrics
1732158178,info,Step 602/1500: training loss=0.00,metrics
1732158178,info,Step 601/1500: training loss=0.00,metrics
1732158175,info,Step 600/1500: training loss=1.64,metrics
1732158173,info,Step 599/1500: training loss=1.10,metrics
1732158173,info,Step 598/1500: training loss=0.00,metrics
1732158171,info,Step 597/1500: training loss=0.28,metrics
1732158168,info,Step 596/1500: training loss=0.86,metrics
1732158168,info,Step 595/1500: training loss=0.01,metrics
1732158166,info,Step 594/1500: training loss=0.00,metrics
1732158166,info,Step 593/1500: training loss=0.64,metrics
1732158163,info,Step 592/1500: training loss=0.00,metrics
1732158163,info,Step 591/1500: training loss=0.00,metrics
1732158161,info,Step 590/1500: training loss=1.65,metrics
1732158158,info,Step 589/1500: training loss=0.33,metrics
1732158158,info,Step 588/1500: training loss=1.33,metrics
1732158156,info,Step 587/1500: training loss=0.24,metrics
1732158156,info,Step 586/1500: training loss=1.02,metrics
1732158154,info,Step 585/1500: training loss=0.00,metrics
1732158152,info,Step 584/1500: training loss=0.00,metrics
1732158152,info,Step 583/1500: training loss=0.00,metrics
1732158149,info,Step 582/1500: training loss=0.00,metrics
1732158149,info,Step 581/1500: training loss=1.41,metrics
1732158147,info,Step 580/1500: training loss=0.00,metrics
1732158145,info,Step 579/1500: training loss=0.00,metrics
1732158145,info,Step 578/1500: training loss=0.00,metrics
1732158142,info,Step 577/1500: training loss=0.00,metrics
1732158140,info,Step 576/1500: training loss=0.94,metrics
1732158140,info,Step 575/1500: training loss=0.00,metrics
1732158138,info,Step 574/1500: training loss=0.00,metrics
1732158138,info,Step 573/1500: training loss=0.00,metrics
1732158136,info,Step 572/1500: training loss=0.47,metrics
1732158133,info,Step 571/1500: training loss=0.00,metrics
1732158133,info,Step 570/1500: training loss=0.00,metrics
1732158131,info,Step 569/1500: training loss=0.00,metrics
1732158131,info,Step 568/1500: training loss=0.00,metrics
1732158128,info,Step 567/1500: training loss=0.00,metrics
1732158126,info,Step 566/1500: training loss=0.00,metrics
1732158126,info,Step 565/1500: training loss=0.00,metrics
1732158124,info,Step 564/1500: training loss=1.60,metrics
1732158124,info,Step 563/1500: training loss=0.21,metrics
1732158122,info,Step 562/1500: training loss=0.06,metrics
1732158119,info,Step 561/1500: training loss=0.00,metrics
1732158119,info,Step 560/1500: training loss=0.15,metrics
1732158117,info,Step 559/1500: training loss=1.78,metrics
1732158117,info,Step 558/1500: training loss=0.01,metrics
1732158115,info,Step 557/1500: training loss=0.00,metrics
1732158112,info,Step 556/1500: training loss=0.00,metrics
1732158112,info,Step 555/1500: training loss=1.14,metrics
1732158110,info,Step 554/1500: training loss=0.00,metrics
1732158110,info,Step 553/1500: training loss=1.22,metrics
1732158108,info,Step 552/1500: training loss=0.00,metrics
1732158105,info,Step 551/1500: training loss=0.02,metrics
1732158105,info,Step 550/1500: training loss=0.00,metrics
1732158103,info,Step 549/1500: training loss=0.01,metrics
1732158103,info,Step 548/1500: training loss=0.00,metrics
1732158100,info,Step 547/1500: training loss=0.72,metrics
1732158098,info,Step 546/1500: training loss=1.11,metrics
1732158098,info,Step 545/1500: training loss=1.35,metrics
1732158096,info,Step 544/1500: training loss=0.00,metrics
1732158096,info,Step 543/1500: training loss=1.51,metrics
1732158094,info,Step 542/1500: training loss=0.00,metrics
1732158091,info,Step 541/1500: training loss=0.00,metrics
1732158091,info,Step 540/1500: training loss=1.60,metrics
1732158089,info,Step 539/1500: training loss=0.01,metrics
1732158089,info,Step 538/1500: training loss=0.00,metrics
1732158087,info,Step 537/1500: training loss=0.00,metrics
1732158084,info,Step 536/1500: training loss=0.06,metrics
1732158084,info,Step 535/1500: training loss=0.00,metrics
1732158082,info,Step 534/1500: training loss=0.00,metrics
1732158082,info,Step 533/1500: training loss=0.92,metrics
1732158080,info,Step 532/1500: training loss=0.00,metrics
1732158078,info,Step 531/1500: training loss=0.31,metrics
1732158077,info,Step 530/1500: training loss=0.00,metrics
1732158075,info,Step 529/1500: training loss=0.36,metrics
1732158075,info,Step 528/1500: training loss=0.00,metrics
1732158073,info,Step 527/1500: training loss=0.00,metrics
1732158070,info,Step 526/1500: training loss=0.00,metrics
1732158070,info,Step 525/1500: training loss=0.37,metrics
1732158068,info,Step 524/1500: training loss=0.00,metrics
1732158068,info,Step 523/1500: training loss=0.00,metrics
1732158066,info,Step 522/1500: training loss=0.69,metrics
1732158064,info,Step 521/1500: training loss=0.00,metrics
1732158063,info,Step 520/1500: training loss=0.00,metrics
1732158061,info,Step 519/1500: training loss=0.00,metrics
1732158061,info,Step 518/1500: training loss=0.00,metrics
1732158059,info,Step 517/1500: training loss=0.60,metrics
1732158057,info,Step 516/1500: training loss=1.17,metrics
1732158056,info,Step 515/1500: training loss=0.00,metrics
1732158054,info,Step 514/1500: training loss=0.85,metrics
1732158054,info,Step 513/1500: training loss=0.00,metrics
1732158052,info,Step 512/1500: training loss=1.42,metrics
1732158050,info,Step 511/1500: training loss=0.00,metrics
1732158049,info,Step 510/1500: training loss=1.00,metrics
1732158047,info,Step 509/1500: training loss=1.41,metrics
1732158047,info,Step 508/1500: training loss=1.02,metrics
1732158045,info,Step 507/1500: training loss=0.00,metrics
1732158043,info,Step 506/1500: training loss=0.00,metrics
1732158043,info,Step 505/1500: training loss=0.94,metrics
1732158040,info,Step 504/1500: training loss=0.00,metrics
1732158040,info,Step 503/1500: training loss=0.01,metrics
1732158038,info,Step 502/1500: training loss=0.00,metrics
1732158038,info,Step 501/1500: training loss=0.00,metrics
1732158035,info,Step 500/1500: training loss=1.26,metrics
1732158033,info,Step 499/1500: training loss=0.11,metrics
1732158031,info,Step 498/1500: training loss=0.00,metrics
1732158031,info,Step 497/1500: training loss=0.65,metrics
1732158028,info,Step 496/1500: training loss=0.91,metrics
1732158026,info,Step 495/1500: training loss=1.19,metrics
1732158026,info,Step 494/1500: training loss=0.20,metrics
1732158024,info,Step 493/1500: training loss=0.00,metrics
1732158024,info,Step 492/1500: training loss=0.00,metrics
1732158021,info,Step 491/1500: training loss=0.00,metrics
1732158019,info,Step 490/1500: training loss=0.41,metrics
1732158019,info,Step 489/1500: training loss=0.96,metrics
1732158017,info,Step 488/1500: training loss=0.03,metrics
1732158017,info,Step 487/1500: training loss=0.58,metrics
1732158014,info,Step 486/1500: training loss=1.44,metrics
1732158012,info,Step 485/1500: training loss=0.03,metrics
1732158012,info,Step 484/1500: training loss=0.00,metrics
1732158010,info,Step 483/1500: training loss=2.01,metrics
1732158010,info,Step 482/1500: training loss=1.32,metrics
1732158007,info,Step 481/1500: training loss=0.00,metrics
1732158007,info,Step 480/1500: training loss=2.22,metrics
1732158005,info,Step 479/1500: training loss=1.78,metrics
1732158003,info,Step 478/1500: training loss=0.00,metrics
1732158003,info,Step 477/1500: training loss=0.00,metrics
1732158000,info,Step 476/1500: training loss=0.00,metrics
1732157998,info,Step 475/1500: training loss=0.72,metrics
1732157998,info,Step 474/1500: training loss=0.00,metrics
1732157996,info,Step 473/1500: training loss=0.00,metrics
1732157996,info,Step 472/1500: training loss=0.00,metrics
1732157993,info,Step 471/1500: training loss=1.28,metrics
1732157991,info,Step 470/1500: training loss=0.00,metrics
1732157991,info,Step 469/1500: training loss=1.53,metrics
1732157989,info,Step 468/1500: training loss=0.05,metrics
1732157989,info,Step 467/1500: training loss=0.00,metrics
1732157986,info,Step 466/1500: training loss=0.29,metrics
1732157984,info,Step 465/1500: training loss=0.00,metrics
1732157982,info,Step 464/1500: training loss=0.00,metrics
1732157979,info,Step 463/1500: training loss=0.00,metrics
1732157977,info,Step 462/1500: training loss=0.00,metrics
1732157977,info,Step 461/1500: training loss=1.03,metrics
1732157975,info,Step 460/1500: training loss=0.00,metrics
1732157975,info,Step 459/1500: training loss=0.00,metrics
1732157972,info,Step 458/1500: training loss=0.00,metrics
1732157970,info,Step 457/1500: training loss=0.56,metrics
1732157970,info,Step 456/1500: training loss=1.06,metrics
1732157968,info,Step 455/1500: training loss=0.00,metrics
1732157968,info,Step 454/1500: training loss=0.86,metrics
1732157966,info,Step 453/1500: training loss=1.39,metrics
1732157963,info,Step 452/1500: training loss=0.00,metrics
1732157963,info,Step 451/1500: training loss=0.00,metrics
1732157961,info,Step 450/1500: training loss=0.40,metrics
1732157961,info,Step 449/1500: training loss=0.00,metrics
1732157959,info,Step 448/1500: training loss=0.00,metrics
1732157956,info,Step 447/1500: training loss=0.00,metrics
1732157956,info,Step 446/1500: training loss=1.18,metrics
1732157954,info,Step 445/1500: training loss=0.00,metrics
1732157954,info,Step 444/1500: training loss=1.20,metrics
1732157952,info,Step 443/1500: training loss=3.20,metrics
1732157949,info,Step 442/1500: training loss=0.00,metrics
1732157949,info,Step 441/1500: training loss=0.00,metrics
1732157947,info,Step 440/1500: training loss=0.00,metrics
1732157947,info,Step 439/1500: training loss=0.38,metrics
1732157944,info,Step 438/1500: training loss=0.00,metrics
1732157942,info,Step 437/1500: training loss=0.84,metrics
1732157942,info,Step 436/1500: training loss=0.00,metrics
1732157940,info,Step 435/1500: training loss=0.00,metrics
1732157940,info,Step 434/1500: training loss=0.00,metrics
1732157938,info,Step 433/1500: training loss=0.73,metrics
1732157935,info,Step 432/1500: training loss=0.00,metrics
1732157935,info,Step 431/1500: training loss=0.00,metrics
1732157933,info,Step 430/1500: training loss=0.55,metrics
1732157933,info,Step 429/1500: training loss=1.85,metrics
1732157931,info,Step 428/1500: training loss=0.00,metrics
1732157928,info,Step 427/1500: training loss=0.84,metrics
1732157928,info,Step 426/1500: training loss=1.51,metrics
1732157926,info,Step 425/1500: training loss=0.00,metrics
1732157926,info,Step 424/1500: training loss=0.00,metrics
1732157924,info,Step 423/1500: training loss=0.85,metrics
1732157922,info,Step 422/1500: training loss=0.00,metrics
1732157922,info,Step 421/1500: training loss=0.01,metrics
1732157919,info,Step 420/1500: training loss=0.00,metrics
1732157919,info,Step 419/1500: training loss=2.47,metrics
1732157917,info,Step 418/1500: training loss=2.99,metrics
1732157917,info,Step 417/1500: training loss=0.71,metrics
1732157914,info,Step 416/1500: training loss=1.66,metrics
1732157912,info,Step 415/1500: training loss=0.00,metrics
1732157912,info,Step 414/1500: training loss=0.09,metrics
1732157910,info,Step 413/1500: training loss=0.00,metrics
1732157908,info,Step 412/1500: training loss=0.00,metrics
1732157908,info,Step 411/1500: training loss=1.42,metrics
1732157905,info,Step 410/1500: training loss=0.00,metrics
1732157905,info,Step 409/1500: training loss=0.00,metrics
1732157903,info,Step 408/1500: training loss=0.00,metrics
1732157901,info,Step 407/1500: training loss=0.00,metrics
1732157901,info,Step 406/1500: training loss=0.00,metrics
1732157898,info,Step 405/1500: training loss=1.99,metrics
1732157898,info,Step 404/1500: training loss=0.00,metrics
1732157896,info,Step 403/1500: training loss=0.39,metrics
1732157894,info,Step 402/1500: training loss=0.00,metrics
1732157894,info,Step 401/1500: training loss=0.00,metrics
1732157891,info,Step 400/1500: training loss=0.00,metrics
1732157891,info,Step 399/1500: training loss=0.00,metrics
1732157889,info,Step 398/1500: training loss=0.01,metrics
1732157887,info,Step 397/1500: training loss=0.00,metrics
1732157887,info,Step 396/1500: training loss=0.00,metrics
1732157884,info,Step 395/1500: training loss=0.00,metrics
1732157884,info,Step 394/1500: training loss=0.00,metrics
1732157882,info,Step 393/1500: training loss=0.00,metrics
1732157882,info,Step 392/1500: training loss=0.00,metrics
1732157880,info,Step 391/1500: training loss=0.00,metrics
1732157877,info,Step 390/1500: training loss=0.96,metrics
1732157877,info,Step 389/1500: training loss=0.01,metrics
1732157875,info,Step 388/1500: training loss=0.00,metrics
1732157875,info,Step 387/1500: training loss=0.48,metrics
1732157873,info,Step 386/1500: training loss=1.52,metrics
1732157870,info,Step 385/1500: training loss=0.00,metrics
1732157870,info,Step 384/1500: training loss=0.00,metrics
1732157868,info,Step 383/1500: training loss=0.59,metrics
1732157868,info,Step 382/1500: training loss=1.83,metrics
1732157866,info,Step 381/1500: training loss=0.00,metrics
1732157863,info,Step 380/1500: training loss=0.00,metrics
1732157863,info,Step 379/1500: training loss=0.00,metrics
1732157861,info,Step 378/1500: training loss=0.00,metrics
1732157861,info,Step 377/1500: training loss=0.01,metrics
1732157859,info,Step 376/1500: training loss=0.00,metrics
1732157857,info,Step 375/1500: training loss=0.00,metrics
1732157857,info,Step 374/1500: training loss=0.46,metrics
1732157854,info,Step 373/1500: training loss=0.00,metrics
1732157854,info,Step 372/1500: training loss=0.53,metrics
1732157852,info,Step 371/1500: training loss=0.00,metrics
1732157851,info,Step 370/1500: training loss=1.23,metrics
1732157849,info,Step 369/1500: training loss=0.00,metrics
1732157847,info,Step 368/1500: training loss=0.07,metrics
1732157847,info,Step 367/1500: training loss=0.00,metrics
1732157845,info,Step 366/1500: training loss=1.21,metrics
1732157845,info,Step 365/1500: training loss=0.00,metrics
1732157842,info,Step 364/1500: training loss=0.00,metrics
1732157840,info,Step 363/1500: training loss=0.07,metrics
1732157840,info,Step 362/1500: training loss=0.00,metrics
1732157838,info,Step 361/1500: training loss=0.00,metrics
1732157838,info,Step 360/1500: training loss=0.00,metrics
1732157835,info,Step 359/1500: training loss=1.34,metrics
1732157833,info,Step 358/1500: training loss=0.36,metrics
1732157833,info,Step 357/1500: training loss=0.09,metrics
1732157831,info,Step 356/1500: training loss=0.00,metrics
1732157829,info,Step 355/1500: training loss=0.00,metrics
1732157829,info,Step 354/1500: training loss=0.09,metrics
1732157826,info,Step 353/1500: training loss=0.00,metrics
1732157826,info,Step 352/1500: training loss=1.00,metrics
1732157824,info,Step 351/1500: training loss=0.56,metrics
1732157824,info,Step 350/1500: training loss=0.28,metrics
1732157821,info,Step 349/1500: training loss=0.00,metrics
1732157819,info,Step 348/1500: training loss=0.00,metrics
1732157819,info,Step 347/1500: training loss=0.77,metrics
1732157817,info,Step 346/1500: training loss=0.00,metrics
1732157817,info,Step 345/1500: training loss=0.00,metrics
1732157814,info,Step 344/1500: training loss=0.06,metrics
1732157812,info,Step 343/1500: training loss=0.05,metrics
1732157812,info,Step 342/1500: training loss=0.12,metrics
1732157810,info,Step 341/1500: training loss=0.00,metrics
1732157810,info,Step 340/1500: training loss=1.00,metrics
1732157807,info,Step 339/1500: training loss=0.00,metrics
1732157807,info,Step 338/1500: training loss=1.33,metrics
1732157805,info,Step 337/1500: training loss=0.00,metrics
1732157803,info,Step 336/1500: training loss=0.40,metrics
1732157803,info,Step 335/1500: training loss=0.93,metrics
1732157801,info,Step 334/1500: training loss=0.00,metrics
1732157801,info,Step 333/1500: training loss=2.06,metrics
1732157798,info,Step 332/1500: training loss=0.83,metrics
1732157796,info,Step 331/1500: training loss=0.00,metrics
1732157796,info,Step 330/1500: training loss=3.11,metrics
1732157794,info,Step 329/1500: training loss=0.00,metrics
1732157794,info,Step 328/1500: training loss=0.75,metrics
1732157791,info,Step 327/1500: training loss=0.01,metrics
1732157769,info,Step 326/1500: training loss=3.19,metrics
1732157769,info,Step 325/1500: training loss=0.00,metrics
1732157764,info,Step 324/1500: training loss=0.00,metrics
1732157762,info,Step 323/1500: training loss=0.00,metrics
1732157762,info,Step 322/1500: training loss=0.20,metrics
1732157759,info,Step 321/1500: training loss=0.01,metrics
1732157759,info,Step 320/1500: training loss=2.15,metrics
1732157757,info,Step 319/1500: training loss=0.00,metrics
1732157755,info,Step 318/1500: training loss=0.00,metrics
1732157755,info,Step 317/1500: training loss=0.89,metrics
1732157752,info,Step 316/1500: training loss=0.18,metrics
1732157752,info,Step 315/1500: training loss=0.87,metrics
1732157750,info,Step 314/1500: training loss=0.66,metrics
1732157748,info,Step 313/1500: training loss=0.00,metrics
1732157748,info,Step 312/1500: training loss=0.00,metrics
1732157745,info,Step 311/1500: training loss=0.62,metrics
1732157743,info,Step 310/1500: training loss=0.16,metrics
1732157743,info,Step 309/1500: training loss=0.00,metrics
1732157741,info,Step 308/1500: training loss=0.00,metrics
1732157741,info,Step 307/1500: training loss=0.00,metrics
1732157738,info,Step 306/1500: training loss=0.06,metrics
1732157736,info,Step 305/1500: training loss=0.00,metrics
1732157736,info,Step 304/1500: training loss=0.72,metrics
1732157734,info,Step 303/1500: training loss=0.00,metrics
1732157734,info,Step 302/1500: training loss=0.00,metrics
1732157732,info,Step 301/1500: training loss=0.00,metrics
1732157729,info,Step 300/1500: training loss=0.03,metrics
1732157729,info,Step 299/1500: training loss=0.91,metrics
1732157727,info,Step 298/1500: training loss=0.00,metrics
1732157727,info,Step 297/1500: training loss=0.00,metrics
1732157724,info,Step 296/1500: training loss=0.00,metrics
1732157722,info,Step 295/1500: training loss=0.01,metrics
1732157722,info,Step 294/1500: training loss=0.03,metrics
1732157720,info,Step 293/1500: training loss=0.14,metrics
1732157720,info,Step 292/1500: training loss=0.45,metrics
1732157718,info,Step 291/1500: training loss=0.41,metrics
1732157715,info,Step 290/1500: training loss=0.47,metrics
1732157715,info,Step 289/1500: training loss=0.05,metrics
1732157713,info,Step 288/1500: training loss=0.61,metrics
1732157711,info,Step 287/1500: training loss=0.10,metrics
1732157711,info,Step 286/1500: training loss=0.00,metrics
1732157708,info,Step 285/1500: training loss=0.85,metrics
1732157708,info,Step 284/1500: training loss=1.56,metrics
1732157706,info,Step 283/1500: training loss=1.27,metrics
1732157704,info,Step 282/1500: training loss=0.11,metrics
1732157704,info,Step 281/1500: training loss=1.01,metrics
1732157701,info,Step 280/1500: training loss=0.05,metrics
1732157699,info,Step 279/1500: training loss=0.30,metrics
1732157699,info,Step 278/1500: training loss=0.00,metrics
1732157697,info,Step 277/1500: training loss=0.00,metrics
1732157696,info,Step 276/1500: training loss=0.68,metrics
1732157694,info,Step 275/1500: training loss=0.14,metrics
1732157694,info,Step 274/1500: training loss=0.03,metrics
1732157692,info,Step 273/1500: training loss=0.00,metrics
1732157690,info,Step 272/1500: training loss=0.00,metrics
1732157690,info,Step 271/1500: training loss=0.35,metrics
1732157687,info,Step 270/1500: training loss=0.15,metrics
1732157685,info,Step 269/1500: training loss=0.82,metrics
1732157685,info,Step 268/1500: training loss=0.86,metrics
1732157683,info,Step 267/1500: training loss=0.79,metrics
1732157683,info,Step 266/1500: training loss=1.10,metrics
1732157680,info,Step 265/1500: training loss=0.12,metrics
1732157678,info,Step 264/1500: training loss=0.00,metrics
1732157678,info,Step 263/1500: training loss=0.00,metrics
1732157676,info,Step 262/1500: training loss=0.00,metrics
1732157676,info,Step 261/1500: training loss=0.00,metrics
1732157673,info,Step 260/1500: training loss=0.16,metrics
1732157671,info,Step 259/1500: training loss=0.00,metrics
1732157671,info,Step 258/1500: training loss=0.08,metrics
1732157669,info,Step 257/1500: training loss=0.00,metrics
1732157669,info,Step 256/1500: training loss=0.00,metrics
1732157666,info,Step 255/1500: training loss=0.79,metrics
1732157664,info,Step 254/1500: training loss=0.01,metrics
1732157664,info,Step 253/1500: training loss=1.29,metrics
1732157662,info,Step 252/1500: training loss=1.26,metrics
1732157662,info,Step 251/1500: training loss=0.17,metrics
1732157659,info,Step 250/1500: training loss=1.05,metrics
1732157657,info,Step 249/1500: training loss=1.03,metrics
1732157657,info,Step 248/1500: training loss=1.43,metrics
1732157655,info,Step 247/1500: training loss=0.01,metrics
1732157655,info,Step 246/1500: training loss=0.00,metrics
1732157653,info,Step 245/1500: training loss=0.03,metrics
1732157650,info,Step 244/1500: training loss=0.46,metrics
1732157650,info,Step 243/1500: training loss=0.00,metrics
1732157648,info,Step 242/1500: training loss=0.01,metrics
1732157648,info,Step 241/1500: training loss=1.27,metrics
1732157646,info,Step 240/1500: training loss=0.13,metrics
1732157643,info,Step 239/1500: training loss=0.16,metrics
1732157643,info,Step 238/1500: training loss=0.10,metrics
1732157641,info,Step 237/1500: training loss=1.08,metrics
1732157641,info,Step 236/1500: training loss=0.86,metrics
1732157639,info,Step 235/1500: training loss=0.00,metrics
1732157636,info,Step 234/1500: training loss=0.87,metrics
1732157636,info,Step 233/1500: training loss=1.14,metrics
1732157634,info,Step 232/1500: training loss=0.02,metrics
1732157634,info,Step 231/1500: training loss=0.72,metrics
1732157631,info,Step 230/1500: training loss=0.00,metrics
1732157629,info,Step 229/1500: training loss=0.67,metrics
1732157629,info,Step 228/1500: training loss=0.45,metrics
1732157627,info,Step 227/1500: training loss=0.00,metrics
1732157627,info,Step 226/1500: training loss=0.34,metrics
1732157625,info,Step 225/1500: training loss=0.91,metrics
1732157622,info,Step 224/1500: training loss=1.46,metrics
1732157622,info,Step 223/1500: training loss=0.08,metrics
1732157620,info,Step 222/1500: training loss=0.00,metrics
1732157620,info,Step 221/1500: training loss=0.00,metrics
1732157618,info,Step 220/1500: training loss=1.12,metrics
1732157615,info,Step 219/1500: training loss=0.00,metrics
1732157615,info,Step 218/1500: training loss=0.06,metrics
1732157613,info,Step 217/1500: training loss=0.00,metrics
1732157611,info,Step 216/1500: training loss=0.02,metrics
1732157611,info,Step 215/1500: training loss=0.99,metrics
1732157609,info,Step 214/1500: training loss=0.73,metrics
1732157609,info,Step 213/1500: training loss=0.00,metrics
1732157606,info,Step 212/1500: training loss=0.00,metrics
1732157606,info,Step 211/1500: training loss=0.00,metrics
1732157604,info,Step 210/1500: training loss=0.00,metrics
1732157601,info,Step 209/1500: training loss=0.00,metrics
1732157601,info,Step 208/1500: training loss=0.00,metrics
1732157599,info,Step 207/1500: training loss=0.00,metrics
1732157597,info,Step 206/1500: training loss=1.32,metrics
1732157597,info,Step 205/1500: training loss=0.27,metrics
1732157595,info,Step 204/1500: training loss=0.37,metrics
1732157592,info,Step 203/1500: training loss=0.00,metrics
1732157588,info,Step 202/1500: training loss=0.08,metrics
1732157585,info,Step 201/1500: training loss=0.00,metrics
1732157585,info,Step 200/1500: training loss=0.39,metrics
1732157583,info,Step 199/1500: training loss=0.28,metrics
1732157583,info,Step 198/1500: training loss=0.00,metrics
1732157581,info,Step 197/1500: training loss=1.13,metrics
1732157578,info,Step 196/1500: training loss=1.01,metrics
1732157578,info,Step 195/1500: training loss=0.54,metrics
1732157576,info,Step 194/1500: training loss=0.46,metrics
1732157576,info,Step 193/1500: training loss=0.00,metrics
1732157574,info,Step 192/1500: training loss=0.00,metrics
1732157574,info,Step 191/1500: training loss=0.16,metrics
1732157571,info,Step 190/1500: training loss=0.01,metrics
1732157569,info,Step 189/1500: training loss=0.08,metrics
1732157569,info,Step 188/1500: training loss=0.01,metrics
1732157567,info,Step 187/1500: training loss=0.06,metrics
1732157564,info,Step 186/1500: training loss=0.31,metrics
1732157564,info,Step 185/1500: training loss=0.05,metrics
1732157562,info,Step 184/1500: training loss=0.13,metrics
1732157562,info,Step 183/1500: training loss=0.45,metrics
1732157560,info,Step 182/1500: training loss=0.16,metrics
1732157558,info,Step 181/1500: training loss=0.23,metrics
1732157557,info,Step 180/1500: training loss=0.28,metrics
1732157555,info,Step 179/1500: training loss=0.85,metrics
1732157555,info,Step 178/1500: training loss=0.04,metrics
1732157553,info,Step 177/1500: training loss=0.39,metrics
1732157550,info,Step 176/1500: training loss=0.09,metrics
1732157550,info,Step 175/1500: training loss=0.06,metrics
1732157548,info,Step 174/1500: training loss=0.03,metrics
1732157548,info,Step 173/1500: training loss=0.43,metrics
1732157546,info,Step 172/1500: training loss=0.05,metrics
1732157544,info,Step 171/1500: training loss=0.61,metrics
1732157543,info,Step 170/1500: training loss=1.09,metrics
1732157541,info,Step 169/1500: training loss=0.14,metrics
1732157541,info,Step 168/1500: training loss=0.17,metrics
1732157539,info,Step 167/1500: training loss=0.02,metrics
1732157536,info,Step 166/1500: training loss=0.15,metrics
1732157536,info,Step 165/1500: training loss=0.82,metrics
1732157534,info,Step 164/1500: training loss=0.35,metrics
1732157534,info,Step 163/1500: training loss=0.29,metrics
1732157532,info,Step 162/1500: training loss=0.48,metrics
1732157530,info,Step 161/1500: training loss=1.08,metrics
1732157529,info,Step 160/1500: training loss=0.49,metrics
1732157527,info,Step 159/1500: training loss=0.07,metrics
1732157527,info,Step 158/1500: training loss=0.03,metrics
1732157525,info,Step 157/1500: training loss=0.09,metrics
1732157523,info,Step 156/1500: training loss=0.02,metrics
1732157523,info,Step 155/1500: training loss=0.01,metrics
1732157520,info,Step 154/1500: training loss=1.02,metrics
1732157518,info,Step 153/1500: training loss=0.10,metrics
1732157518,info,Step 152/1500: training loss=0.93,metrics
1732157516,info,Step 151/1500: training loss=0.27,metrics
1732157516,info,Step 150/1500: training loss=0.32,metrics
1732157513,info,Step 149/1500: training loss=0.50,metrics
1732157511,info,Step 148/1500: training loss=0.05,metrics
1732157508,info,Step 147/1500: training loss=0.02,metrics
1732157508,info,Step 146/1500: training loss=0.02,metrics
1732157506,info,Step 145/1500: training loss=0.16,metrics
1732157506,info,Step 144/1500: training loss=0.05,metrics
1732157504,info,Step 143/1500: training loss=0.34,metrics
1732157502,info,Step 142/1500: training loss=0.21,metrics
1732157502,info,Step 141/1500: training loss=0.08,metrics
1732157499,info,Step 140/1500: training loss=0.08,metrics
1732157499,info,Step 139/1500: training loss=0.24,metrics
1732157497,info,Step 138/1500: training loss=0.22,metrics
1732157495,info,Step 137/1500: training loss=0.19,metrics
1732157495,info,Step 136/1500: training loss=0.53,metrics
1732157492,info,Step 135/1500: training loss=0.38,metrics
1732157492,info,Step 134/1500: training loss=0.19,metrics
1732157490,info,Step 133/1500: training loss=0.47,metrics
1732157488,info,Step 132/1500: training loss=0.29,metrics
1732157488,info,Step 131/1500: training loss=0.33,metrics
1732157485,info,Step 130/1500: training loss=0.13,metrics
1732157485,info,Step 129/1500: training loss=0.84,metrics
1732157483,info,Step 128/1500: training loss=0.78,metrics
1732157481,info,Step 127/1500: training loss=0.28,metrics
1732157481,info,Step 126/1500: training loss=0.42,metrics
1732157478,info,Step 125/1500: training loss=0.29,metrics
1732157478,info,Step 124/1500: training loss=0.31,metrics
1732157476,info,Step 123/1500: training loss=0.28,metrics
1732157474,info,Step 122/1500: training loss=0.83,metrics
1732157474,info,Step 121/1500: training loss=0.16,metrics
1732157471,info,Step 120/1500: training loss=0.28,metrics
1732157471,info,Step 119/1500: training loss=0.33,metrics
1732157469,info,Step 118/1500: training loss=0.08,metrics
1732157467,info,Step 117/1500: training loss=0.49,metrics
1732157467,info,Step 116/1500: training loss=0.57,metrics
1732157464,info,Step 115/1500: training loss=0.54,metrics
1732157464,info,Step 114/1500: training loss=0.24,metrics
1732157462,info,Step 113/1500: training loss=0.70,metrics
1732157460,info,Step 112/1500: training loss=0.40,metrics
1732157460,info,Step 111/1500: training loss=0.72,metrics
1732157457,info,Step 110/1500: training loss=0.69,metrics
1732157457,info,Step 109/1500: training loss=0.29,metrics
1732157455,info,Step 108/1500: training loss=0.29,metrics
1732157453,info,Step 107/1500: training loss=0.74,metrics
1732157453,info,Step 106/1500: training loss=0.44,metrics
1732157451,info,Step 105/1500: training loss=0.36,metrics
1732157450,info,Step 104/1500: training loss=0.48,metrics
1732157448,info,Step 103/1500: training loss=0.36,metrics
1732157446,info,Step 102/1500: training loss=0.54,metrics
1732157446,info,Step 101/1500: training loss=0.55,metrics
1732157443,info,Step 100/1500: training loss=0.62,metrics
1732157443,info,Step 99/1500: training loss=0.32,metrics
1732157441,info,Step 98/1500: training loss=0.58,metrics
1732157439,info,Step 97/1500: training loss=0.36,metrics
1732157439,info,Step 96/1500: training loss=0.37,metrics
1732157436,info,Step 95/1500: training loss=0.35,metrics
1732157434,info,Step 94/1500: training loss=0.36,metrics
1732157434,info,Step 93/1500: training loss=0.27,metrics
1732157432,info,Step 92/1500: training loss=0.73,metrics
1732157432,info,Step 91/1500: training loss=1.03,metrics
1732157429,info,Step 90/1500: training loss=0.55,metrics
1732157427,info,Step 89/1500: training loss=0.55,metrics
1732157427,info,Step 88/1500: training loss=0.60,metrics
1732157425,info,Step 87/1500: training loss=0.35,metrics
1732157425,info,Step 86/1500: training loss=0.56,metrics
1732157423,info,Step 85/1500: training loss=0.57,metrics
1732157420,info,Step 84/1500: training loss=0.44,metrics
1732157420,info,Step 83/1500: training loss=0.32,metrics
1732157418,info,Step 82/1500: training loss=0.26,metrics
1732157418,info,Step 81/1500: training loss=0.44,metrics
1732157415,info,Step 80/1500: training loss=0.58,metrics
1732157415,info,Step 79/1500: training loss=0.43,metrics
1732157413,info,Step 78/1500: training loss=0.45,metrics
1732157411,info,Step 77/1500: training loss=0.28,metrics
1732157411,info,Step 76/1500: training loss=0.78,metrics
1732157408,info,Step 75/1500: training loss=0.67,metrics
1732157406,info,Step 74/1500: training loss=0.87,metrics
1732157406,info,Step 73/1500: training loss=0.31,metrics
1732157404,info,Step 72/1500: training loss=0.31,metrics
1732157404,info,Step 71/1500: training loss=0.55,metrics
1732157402,info,Step 70/1500: training loss=0.50,metrics
1732157401,info,Step 69/1500: training loss=0.66,metrics
1732157399,info,Step 68/1500: training loss=0.54,metrics
1732157397,info,Step 67/1500: training loss=0.47,metrics
1732157397,info,Step 66/1500: training loss=0.58,metrics
1732157395,info,Step 65/1500: training loss=0.89,metrics
1732157392,info,Step 64/1500: training loss=0.77,metrics
1732157392,info,Step 63/1500: training loss=0.31,metrics
1732157390,info,Step 62/1500: training loss=0.56,metrics
1732157390,info,Step 61/1500: training loss=0.55,metrics
1732157388,info,Step 60/1500: training loss=0.46,metrics
1732157388,info,Step 59/1500: training loss=0.68,metrics
1732157385,info,Step 58/1500: training loss=0.63,metrics
1732157383,info,Step 57/1500: training loss=0.71,metrics
1732157383,info,Step 56/1500: training loss=0.69,metrics
1732157381,info,Step 55/1500: training loss=0.52,metrics
1732157378,info,Step 54/1500: training loss=0.65,metrics
1732157378,info,Step 53/1500: training loss=0.86,metrics
1732157376,info,Step 52/1500: training loss=0.37,metrics
1732157376,info,Step 51/1500: training loss=0.63,metrics
1732157374,info,Step 50/1500: training loss=0.75,metrics
1732157374,info,Step 49/1500: training loss=0.75,metrics
1732157371,info,Step 48/1500: training loss=0.90,metrics
1732157369,info,Step 47/1500: training loss=0.78,metrics
1732157369,info,Step 46/1500: training loss=0.89,metrics
1732157367,info,Step 45/1500: training loss=0.35,metrics
1732157364,info,Step 44/1500: training loss=1.08,metrics
1732157364,info,Step 43/1500: training loss=0.92,metrics
1732157362,info,Step 42/1500: training loss=1.04,metrics
1732157362,info,Step 41/1500: training loss=1.23,metrics
1732157360,info,Step 40/1500: training loss=1.13,metrics
1732157357,info,Step 39/1500: training loss=1.09,metrics
1732157357,info,Step 38/1500: training loss=1.44,metrics
1732157355,info,Step 37/1500: training loss=1.55,metrics
1732157355,info,Step 36/1500: training loss=1.35,metrics
1732157353,info,Step 35/1500: training loss=1.27,metrics
1732157350,info,Step 34/1500: training loss=1.53,metrics
1732157350,info,Step 33/1500: training loss=1.95,metrics
1732157348,info,Step 32/1500: training loss=1.99,metrics
1732157348,info,Step 31/1500: training loss=2.20,metrics
1732157346,info,Step 30/1500: training loss=1.87,metrics
1732157343,info,Step 29/1500: training loss=1.85,metrics
1732157343,info,Step 28/1500: training loss=3.20,metrics
1732157341,info,Step 27/1500: training loss=1.97,metrics
1732157341,info,Step 26/1500: training loss=2.85,metrics
1732157339,info,Step 25/1500: training loss=2.33,metrics
1732157337,info,Step 24/1500: training loss=2.65,metrics
1732157337,info,Step 23/1500: training loss=3.35,metrics
1732157334,info,Step 22/1500: training loss=3.76,metrics
1732157334,info,Step 21/1500: training loss=3.38,metrics
1732157332,info,Step 20/1500: training loss=4.04,metrics
1732157330,info,Step 19/1500: training loss=3.84,metrics
1732157330,info,Step 18/1500: training loss=4.08,metrics
1732157327,info,Step 17/1500: training loss=3.46,metrics
1732157327,info,Step 16/1500: training loss=4.12,metrics
1732157325,info,Step 15/1500: training loss=5.34,metrics
1732157322,info,Step 14/1500: training loss=5.60,metrics
1732157322,info,Step 13/1500: training loss=5.31,metrics
1732157320,info,Step 12/1500: training loss=5.05,metrics
1732157320,info,Step 11/1500: training loss=5.62,metrics
1732157318,info,Step 10/1500: training loss=5.84,metrics
1732157315,info,Step 9/1500: training loss=6.95,metrics
1732157315,info,Step 8/1500: training loss=6.47,metrics
1732157313,info,Step 7/1500: training loss=6.09,metrics
1732157311,info,Step 6/1500: training loss=5.78,metrics
1732157311,info,Step 5/1500: training loss=6.16,metrics
1732157309,info,Step 4/1500: training loss=6.94,metrics
1732157309,info,Step 3/1500: training loss=6.89,metrics
1732157306,info,Step 2/1500: training loss=7.51,metrics
1732157304,info,Step 1/1500: training loss=7.77,metrics
1732157166,info,Fine-tuning job started,message
1732157165,info,"Files validated, moving job to queued state",message
1732157059,info,Validating training file: file-S3Bb4RKRVkT1iCNT5A61jQjP,message
1732157059,info,Created fine-tuning job: ftjob-9IJIeEpU2p66WQZhdGNoRi5B,message
